ticket_id,created_at,first_response_at,resolved_at,agent,priority,category,status,customer_satisfaction
TCK-1001,2026-09-01 08:15,2026-09-01 08:42,2026-09-01 10:30,Alice,High,Login,Resolved,5
TCK-1002,2026-09-01 09:10,2026-09-01 09:55,2026-09-01 13:20,Bob,Medium,Billing,Resolved,4
TCK-1003,2026-09-01 10:05,2026-09-01 10:18,,Charlie,Low,General,Open,
TCK-1004,2026-09-01 11:30,2026-09-01 12:05,2026-09-01 15:45,Alice,High,Technical,Resolved,5
TCK-1005,2026-09-01 13:20,2026-09-01 14:10,2026-09-02 09:15,Bob,Low,Account,Resolved,3
TCK-1006,2026-09-02 08:40,2026-09-02 09:05,2026-09-02 11:10,Charlie,Medium,Login,Resolved,4
TCK-1007,2026-09-02 09:25,2026-09-02 10:30,,Alice,High,Technical,Open,
TCK-1008,2026-09-02 10:15,2026-09-02 10:47,2026-09-02 14:05,Bob,Medium,Billing,Resolved,5
TCK-1009,2026-09-02 12:00,2026-09-02 12:22,2026-09-02 16:40,Charlie,Low,General,Resolved,4
TCK-1010,2026-09-02 14:15,2026-09-02 15:05,2026-09-03 09:30,Alice,Medium,Account,Resolved,3
TCK-1011,2026-09-03 08:05,2026-09-03 08:20,2026-09-03 09:55,Bob,High,Login,Resolved,5
TCK-1012,2026-09-03 09:40,2026-09-03 10:25,,Charlie,Medium,Technical,Open,
TCK-1013,2026-09-03 10:50,2026-09-03 11:08,2026-09-03 14:15,Alice,Low,General,Resolved,4
TCK-1014,2026-09-03 12:30,2026-09-03 13:10,2026-09-03 17:20,Bob,High,Billing,Resolved,2
TCK-1015,2026-09-03 15:05,2026-09-03 15:40,2026-09-04 10:05,Charlie,Medium,Account,Resolved,4
TCK-1016,2026-09-04 08:20,2026-09-04 08:50,,Alice,High,Technical,Open,
TCK-1017,2026-09-04 09:15,2026-09-04 09:32,2026-09-04 12:05,Bob,Low,Login,Resolved,5
TCK-1018,2026-09-04 10:40,2026-09-04 11:25,2026-09-04 15:10,Charlie,Medium,General,Resolved,4
TCK-1019,2026-09-04 13:00,2026-09-04 13:55,2026-09-05 09:20,Alice,High,Billing,Resolved,3
TCK-1020,2026-09-04 14:35,2026-09-04 15:00,,Bob,Medium,Technical,Open,
TCK-1021,2026-09-05 08:10,2026-09-05 08:28,2026-09-05 11:45,Charlie,Low,Account,Resolved,5
TCK-1022,2026-09-05 09:05,2026-09-05 09:50,2026-09-05 14:30,Alice,Medium,Login,Resolved,4
TCK-1023,2026-09-05 10:25,2026-09-05 11:40,,Bob,High,Technical,Open,
TCK-1024,2026-09-05 11:55,2026-09-05 12:20,2026-09-05 16:15,Charlie,Medium,Billing,Resolved,4
TCK-1025,2026-09-05 13:45,2026-09-05 14:05,2026-09-06 09:10,Alice,Low,General,Resolved,5
TCK-1026,2026-09-06 08:30,2026-09-06 09:15,,Bob,High,Account,Open,
TCK-1027,2026-09-06 09:45,2026-09-06 10:02,2026-09-06 12:40,Charlie,Medium,Login,Resolved,4
TCK-1028,2026-09-06 10:20,2026-09-06 11:05,2026-09-06 15:25,Alice,High,Technical,Resolved,5
TCK-1029,2026-09-06 12:10,2026-09-06 12:50,2026-09-06 17:00,Bob,Low,General,Resolved,3
TCK-1030,2026-09-06 14:00,2026-09-06 14:35,,Charlie,Medium,Billing,Open,
TCK-1031,2026-09-07 08:25,2026-09-07 08:45,2026-09-07 10:30,Alice,High,Login,Resolved,5
TCK-1032,2026-09-07 09:20,2026-09-07 10:00,2026-09-07 14:45,Bob,Medium,Account,Resolved,4
TCK-1033,2026-09-07 10:35,2026-09-07 11:15,,Charlie,High,Technical,Open,
TCK-1034,2026-09-07 11:40,2026-09-07 12:05,2026-09-07 16:20,Alice,Low,General,Resolved,5
TCK-1035,2026-09-07 13:15,2026-09-07 14:10,2026-09-08 09:05,Bob,High,Billing,Resolved,2
TCK-1036,2026-09-07 15:30,2026-09-07 16:00,,Charlie,Medium,Login,Open,
TCK-1037,2026-09-08 08:05,2026-09-08 08:35,2026-09-08 11:50,Alice,Medium,Technical,Resolved,4
TCK-1038,2026-09-08 09:50,2026-09-08 10:25,2026-09-08 13:40,Bob,Low,Account,Resolved,5
TCK-1039,2026-09-08 11:10,2026-09-08 11:55,,Charlie,High,Billing,Open,
TCK-1040,2026-09-08 13:25,2026-09-08 13:50,2026-09-08 17:30,Alice,Medium,General,Resolved,4